Title,Authors,Book Type,Original Price,Discounted Price,ISBN-10,Published Date,Publisher,No. of Pages,URL
The Screwtape Letters: Letters From A Senior To A Junior Devil,C. S. Lewis,Paperback,19.99,18.25,"9780007461240
",1 July 2012,14 - 18 years old,224 Pages,https://www.booktopia.com.au/star-trek-diane-duane/ebook/9780007461240.html
Blood Meridian,Cormac McCarthy,eBook,,,"9780307762528
",11 August 2010,,,https://www.booktopia.com.au/star-trek-diane-duane/ebook/9780307762528.html
Star Trek,Diane Duane,eBook,,5.99,"9780743422277
",3 December 2001,,256 Pages,https://www.booktopia.com.au/star-trek-diane-duane/ebook/9780743422277.html
Familiar Stranger,Stuart Hall,eBook,,15.99,"9780241290002
",6 April 2017,,256 Pages,https://www.booktopia.com.au/star-trek-diane-duane/ebook/9780241290002.html
,,,,,"9780061763403
",,,,https://www.booktopia.com.au/star-trek-diane-duane/ebook/9780061763403.html
Across the Seas,Griff Hosker,eBook,,9.19,"9780463983096
",4 March 2019,,ePUB,https://www.booktopia.com.au/star-trek-diane-duane/ebook/9780463983096.html
American Royals,Katharine McGee,eBook,,9.99,"9780241365984
",1 September 2019,,368 Pages,https://www.booktopia.com.au/star-trek-diane-duane/ebook/9780241365984.html
Battle of Okinawa,George Feifer,eBook,,,"9781322117171
",1 January 2001,,,https://www.booktopia.com.au/star-trek-diane-duane/ebook/9781322117171.html
Homage to Catalonia,George Orwell,eBook,,15.99,"9780141911717
",5 June 2003,,272 Pages,https://www.booktopia.com.au/star-trek-diane-duane/ebook/9780141911717.html
The Twits,Roald Dahl,eBook,,9.99,"9780141930169
",6 September 2007,,112 Pages,https://www.booktopia.com.au/star-trek-diane-duane/ebook/9780141930169.html
"Red, White & Royal Blue",Casey McQuiston,eBook,,,"9781250316783
",14 May 2019,,,https://www.booktopia.com.au/star-trek-diane-duane/ebook/9781250316783.html
The Great Hunt,Robert Jordan,eBook,,11.99,"9780748115358
",17 November 2009,"Little, Brown Book Group",736 Pages,https://www.booktopia.com.au/star-trek-diane-duane/ebook/9780748115358.html
Magnus Chase and the Sword of Summer (Book 1),Rick Riordan,eBook,,9.99,"9780141342436
",6 October 2015,9 - 12 years old,528 Pages,https://www.booktopia.com.au/star-trek-diane-duane/ebook/9780141342436.html
Boy,Roald Dahl,eBook,,9.99,"9780141903125
",4 September 2008,,192 Pages,https://www.booktopia.com.au/star-trek-diane-duane/ebook/9780141903125.html
Angels,Marian Keyes,eBook,,15.99,"9780141928685
",31 March 2005,,496 Pages,https://www.booktopia.com.au/star-trek-diane-duane/ebook/9780141928685.html
The Lost (Paula Maguire 1),Claire McGowan,eBook,,11.99,"9780755386390
",11 April 2013,Headline,305 Pages,https://www.booktopia.com.au/star-trek-diane-duane/ebook/9780755386390.html
,,,,,"9780230739673
",,,,https://www.booktopia.com.au/star-trek-diane-duane/ebook/9780230739673.html
Anxiety,Joshua Fletcher,eBook,,9.38,"9781310517228
",22 March 2016,,ePUB,https://www.booktopia.com.au/star-trek-diane-duane/ebook/9781310517228.html
George Washington's Secret Six,Brian Kilmeade,eBook,22.29,17.99,"9780698137653
",Edition Number 1,,288 Pages,https://www.booktopia.com.au/star-trek-diane-duane/ebook/9780698137653.html
Driving Over Lemons,Chris Stewart,eBook,,,"9780956308641
",8 August 2011,,,https://www.booktopia.com.au/star-trek-diane-duane/ebook/9780956308641.html
Jamie's Food Tube,Gennaro Contaldo,eBook,,14.99,"9781405921107
",2 July 2015,,128 Pages,https://www.booktopia.com.au/star-trek-diane-duane/ebook/9781405921107.html
The Name of the Wind,Patrick Rothfuss,eBook,,12.99,"9780575087057
",22 April 2010,Orion,672 Pages,https://www.booktopia.com.au/star-trek-diane-duane/ebook/9780575087057.html
Darkfever,Karen Marie Moning,eBook,14.66,11.99,"9780440336358
",31 October 2006,,ePUB,https://www.booktopia.com.au/star-trek-diane-duane/ebook/9780440336358.html
Kiss,Jill Mansell,Paperback,26.99,26.25,"9780755332557
",Edition Number 1,GB,512 Pages,https://www.booktopia.com.au/star-trek-diane-duane/ebook/9780755332557.html
Business Model Generation,Alexander Osterwalder,eText,,45.09,"9780470901038
",Edition Number 1,,288 Pages,https://www.booktopia.com.au/star-trek-diane-duane/ebook/9780470901038.html
The Wrath and the Dawn,Renée| Ahdieh,eBook,,,"9780698185890
",Edition Number 1,,,https://www.booktopia.com.au/star-trek-diane-duane/ebook/9780698185890.html
The Night Stalker,Chris Carter,eBook,,12.99,"9780857202994
",18 August 2011,,464 Pages,https://www.booktopia.com.au/star-trek-diane-duane/ebook/9780857202994.html
The Jury Master,Robert Dugoni,eBook,,17.99,"9780446539654
",15 July 2008,,300 Pages,https://www.booktopia.com.au/star-trek-diane-duane/ebook/9780446539654.html
"The Dragon's Mountain, Book One",Mark Mulle,eBook,,,"9781310869686
",19 May 2015,,,https://www.booktopia.com.au/star-trek-diane-duane/ebook/9781310869686.html
The Book of Why,Judea Pearl,eBook,,16.99,"9780241242643
",15 May 2018,,400 Pages,https://www.booktopia.com.au/star-trek-diane-duane/ebook/9780241242643.html
Blow Fly,Patricia Cornwell,eBook,,11.99,"9780748109265
",4 September 2008,"Little, Brown Book Group",544 Pages,https://www.booktopia.com.au/star-trek-diane-duane/ebook/9780748109265.html
The Sapphire Widow,Dinah Jefferies,eBook,,15.99,"9780241980750
",5 April 2018,,400 Pages,https://www.booktopia.com.au/star-trek-diane-duane/ebook/9780241980750.html
Aftermath,Peter Robinson,eBook,,,"9780330469364
",4 September 2008,,,https://www.booktopia.com.au/star-trek-diane-duane/ebook/9780330469364.html
Couples That Work,Jennifer Petriglieri,eBook,,18.99,"9780241379011
",10 October 2019,,304 Pages,https://www.booktopia.com.au/star-trek-diane-duane/ebook/9780241379011.html
Time of Contempt,Andrzej Sapkowski,eBook,,12.99,"9780575088436
",24 June 2013,Orion,320 Pages,https://www.booktopia.com.au/star-trek-diane-duane/ebook/9780575088436.html
Typhoon Fury,Clive Cussler,eBook,,15.99,"9781405927697
",16 November 2017,,480 Pages,https://www.booktopia.com.au/star-trek-diane-duane/ebook/9781405927697.html
The Eagle's Conquest (Eagles of the Empire 2),Simon Scarrow,eBook,,12.99,"9780755350841
",4 September 2008,Headline,448 Pages,https://www.booktopia.com.au/star-trek-diane-duane/ebook/9780755350841.html
The Divine Comedy,Dante Alighieri,eBook,25.70,20.99,"9781101117996
",27 May 2003,,928 Pages,https://www.booktopia.com.au/star-trek-diane-duane/ebook/9781101117996.html
A Maiden's Grave,Jeffery Deaver,eBook,14.66,11.99,"9781101209356
",1 January 2000,,ePUB,https://www.booktopia.com.au/star-trek-diane-duane/ebook/9781101209356.html
No One Left To Tell (The Baltimore Series Book 2),Karen Rose,eBook,,11.99,"9780755373970
",5 January 2012,Headline,451 Pages,https://www.booktopia.com.au/star-trek-diane-duane/ebook/9780755373970.html
The Snow Child,Eowyn Ivey,eBook,,12.99,"9780755380558
",1 February 2012,,318 Pages,https://www.booktopia.com.au/star-trek-diane-duane/ebook/9780755380558.html
The Hunger Games (USA Edition),Suzanne Collins,Hardcover,,40.95,"9780439023481
",1 October 2008,12 - 17 years old,384 Pages,https://www.booktopia.com.au/star-trek-diane-duane/ebook/9780439023481.html
Made Things,Adrian Tchaikovsky,eBook,6.22,5.99,"9781250232984
",5 November 2019,,ePUB,https://www.booktopia.com.au/star-trek-diane-duane/ebook/9781250232984.html
Percy Jackson and the Sea of Monsters (Book 2),Rick Riordan,eBook,,12.99,"9780141926902
",1 May 2008,9 - 12 years old,288 Pages,https://www.booktopia.com.au/star-trek-diane-duane/ebook/9780141926902.html
Conversations with Friends,Sally Rooney,eBook,16.49,14.99,"9780571333141
",Edition Number 1,,272 Pages,https://www.booktopia.com.au/star-trek-diane-duane/ebook/9780571333141.html
Strata,Terry Pratchett,eBook,,14.99,"9781407035536
",24 November 2009,,288 Pages,https://www.booktopia.com.au/star-trek-diane-duane/ebook/9781407035536.html
Misbehaving,Richard H. Thaler,eBook,,16.99,"9780141966151
",7 May 2015,,256 Pages,https://www.booktopia.com.au/star-trek-diane-duane/ebook/9780141966151.html
,,,,,"9780230225916
",,,,https://www.booktopia.com.au/star-trek-diane-duane/ebook/9780230225916.html
Surrender Experiment,Michael A Singer,eBook,,,"9780804141116
",1 January 2015,,,https://www.booktopia.com.au/star-trek-diane-duane/ebook/9780804141116.html
My East End,Gilda O'Neill,eBook,,15.99,"9780141929385
",28 September 2000,,384 Pages,https://www.booktopia.com.au/star-trek-diane-duane/ebook/9780141929385.html
Dork Diaries,Rachel Renee Russell,Paperback,,,"9781471144011
",2 June 2015,9+ years old,,https://www.booktopia.com.au/star-trek-diane-duane/ebook/9781471144011.html
The Promise,Lesley Pearse,eBook,,15.99,"9780141964089
",19 January 2012,,528 Pages,https://www.booktopia.com.au/star-trek-diane-duane/ebook/9780141964089.html
Artemis Fowl and The Arctic Incident,Eoin Colfer,eBook,,9.99,"9780141929576
",6 June 2002,9 - 12 years old,336 Pages,https://www.booktopia.com.au/star-trek-diane-duane/ebook/9780141929576.html
23 Things They Don't Tell You About Capitalism,Ha-Joon Chang,eBook,,15.99,"9780141957869
",2 September 2010,,304 Pages,https://www.booktopia.com.au/star-trek-diane-duane/ebook/9780141957869.html
Excalibur,Bernard Cornwell,eBook,,15.99,"9780141929743
",1 November 2007,,496 Pages,https://www.booktopia.com.au/star-trek-diane-duane/ebook/9780141929743.html
Myers+Chang at Home,Joanne Chang,eBook,46.19,36.99,"9780544836730
",19 March 2024,,320 Pages,https://www.booktopia.com.au/star-trek-diane-duane/ebook/9780544836730.html
Click,Kayla Miller,eBook,,,"9781328527905
",8 January 2019,,,https://www.booktopia.com.au/star-trek-diane-duane/ebook/9781328527905.html
Mastering Color Knitting,Melissa Leapman,eBook,15.42,12.99,"9780307965493
",13 July 2011,,ePUB,https://www.booktopia.com.au/star-trek-diane-duane/ebook/9780307965493.html
Son,Lois Lowry,eBook,,,"9780547928517
",2 October 2012,,,https://www.booktopia.com.au/star-trek-diane-duane/ebook/9780547928517.html
How I Became The Fittest Woman On Earth,Tia-Clair Toomey,eBook,17.59,16.99,"9780646987286
",Edition Number 1,,202 Pages,https://www.booktopia.com.au/star-trek-diane-duane/ebook/9780646987286.html
Dubliners,James Joyce,eBook,8.55,7.99,"9781101042182
",6 February 2007,,272 Pages,https://www.booktopia.com.au/star-trek-diane-duane/ebook/9781101042182.html
Stitch 'N Bitch Crochet,Debbie Stoller,eBook,,23.99,"9780761174981
",13 February 2006,,250 Pages,https://www.booktopia.com.au/star-trek-diane-duane/ebook/9780761174981.html
Walk Into Silence,Susan McBride,eBook,,,"9781365501210
",Edition Number 1,,,https://www.booktopia.com.au/star-trek-diane-duane/ebook/9781365501210.html
Lord of Chaos,Robert Jordan,eBook,,12.99,"9780748115396
",16 March 2010,"Little, Brown Book Group",1056 Pages,https://www.booktopia.com.au/star-trek-diane-duane/ebook/9780748115396.html
A Wartime Christmas,Carol Rivers,eBook,,8.99,"9780857208347
",1 August 2013,,464 Pages,https://www.booktopia.com.au/star-trek-diane-duane/ebook/9780857208347.html
Blood Ties,Samantha Hayes,eBook,,12.99,"9780755376605
",4 March 2010,,307 Pages,https://www.booktopia.com.au/star-trek-diane-duane/ebook/9780755376605.html
Infinity Gauntlet,Jim Starlin,eBook,16.12,12.99,"9780785170655
",28 May 2014,,ePUB,https://www.booktopia.com.au/star-trek-diane-duane/ebook/9780785170655.html
No Way Back,M. J. Arlidge,eBook,,2.99,"9781405926959
",8 August 2016,Penguin Books Ltd,40 Pages,https://www.booktopia.com.au/star-trek-diane-duane/ebook/9781405926959.html
Feel Better In 5,Dr Rangan Chatterjee,eBook,,19.99,"9780241397817
",26 December 2019,,272 Pages,https://www.booktopia.com.au/star-trek-diane-duane/ebook/9780241397817.html
Nine Perfect Strangers,Liane Moriarty,eBook,,,"9781405919470
",4 October 2018,,,https://www.booktopia.com.au/star-trek-diane-duane/ebook/9781405919470.html
The Fishermen,Chigozie Obioma,eBook,,,"9780316338363
",14 April 2015,,,https://www.booktopia.com.au/star-trek-diane-duane/ebook/9780316338363.html
Escaping Destiny,Amelia Hutchins,eBook,,6.99,"9780991190928
",30 July 2015,,ePUB,https://www.booktopia.com.au/star-trek-diane-duane/ebook/9780991190928.html
The Mark of Athena (Heroes of Olympus Book 3),Rick Riordan,eBook,,12.99,"9780141967561
",2 October 2012,6 - 8 years old,592 Pages,https://www.booktopia.com.au/star-trek-diane-duane/ebook/9780141967561.html
The Five Dysfunctions of a Team,Patrick M. Lencioni,eText,,32.99,"9780470893869
",Edition Number 1,Wiley Professional Development (P&T),240 Pages,https://www.booktopia.com.au/star-trek-diane-duane/ebook/9780470893869.html
Christmas Bells,Jennifer Chiaverini,eBook,18.85,15.99,"9780698407091
",27 October 2015,,ePUB,https://www.booktopia.com.au/star-trek-diane-duane/ebook/9780698407091.html
The 7 Habits Of Highly Effective Teenagers,Sean Covey,eBook,,16.99,"9780857206473
",31 March 2011,,288 Pages,https://www.booktopia.com.au/star-trek-diane-duane/ebook/9780857206473.html
Nineteen Eighty-Four,George Orwell,eBook,,10.99,"9780141919959
",29 January 2004,,400 Pages,https://www.booktopia.com.au/star-trek-diane-duane/ebook/9780141919959.html
The King's Men,Nora Sakavic,eBook,,1.43,"9781310839696
",19 May 2015,,ePUB,https://www.booktopia.com.au/star-trek-diane-duane/ebook/9781310839696.html
,,,,,"9780061949098
",,,,https://www.booktopia.com.au/star-trek-diane-duane/ebook/9780061949098.html
I'm a T. Rex!,Dennis R. Shealy,eBook,8.79,7.99,"9780307978882
",25 April 2012,,ePUB,https://www.booktopia.com.au/star-trek-diane-duane/ebook/9780307978882.html
,,,,,"9780230770072
",,,,https://www.booktopia.com.au/star-trek-diane-duane/ebook/9780230770072.html
Dracula,Bram Stoker,eBook,,1.45,"9780486114750
",Edition Number 1,,336 Pages,https://www.booktopia.com.au/star-trek-diane-duane/ebook/9780486114750.html
Lucy Sullivan is Getting Married,Marian Keyes,eBook,,15.99,"9781405935166
",13 July 2017,,672 Pages,https://www.booktopia.com.au/star-trek-diane-duane/ebook/9781405935166.html
The Beach,Alex Garland,eBook,,15.99,"9780141941448
",5 July 2007,,448 Pages,https://www.booktopia.com.au/star-trek-diane-duane/ebook/9780141941448.html
The Green Mile,Stephen King,eBook,,13.99,"9780575087309
",25 November 2010,,448 Pages,https://www.booktopia.com.au/star-trek-diane-duane/ebook/9780575087309.html
Persuasion,Jane Austen,eBook,,3.99,"9780553904567
",29 January 2008,,ePUB,https://www.booktopia.com.au/star-trek-diane-duane/ebook/9780553904567.html
The Crowded Grave,Martin Walker,eBook,,11.99,"9780857389572
",Edition Number 1,Quercus,320 Pages,https://www.booktopia.com.au/star-trek-diane-duane/ebook/9780857389572.html
Eeny Meeny,M. J. Arlidge,eBook,,15.99,"9781405914895
",8 May 2014,,464 Pages,https://www.booktopia.com.au/star-trek-diane-duane/ebook/9781405914895.html
Tao Te Ching,Lao Tzu,eBook,,10.99,"9780141922324
",1 January 2000,,192 Pages,https://www.booktopia.com.au/star-trek-diane-duane/ebook/9780141922324.html
Bonk,Mary Roach,eBook,,,"9780393069211
",6 April 2009,,,https://www.booktopia.com.au/star-trek-diane-duane/ebook/9780393069211.html
The Cake Bible,Rose Levy Beranbaum,eBook,,42.99,"9780544859562
",Edition Number 1,,560 Pages,https://www.booktopia.com.au/star-trek-diane-duane/ebook/9780544859562.html
Midnight in the Garden of Good and Evil,John Berendt,eBook,25.70,20.99,"9780307538376
",12 May 2010,,ePUB,https://www.booktopia.com.au/star-trek-diane-duane/ebook/9780307538376.html
A Liverpool Legacy,Anne Baker,Paperback,,27.50,"9780755399604
",Edition Number 1,GB,384 Pages,https://www.booktopia.com.au/star-trek-diane-duane/ebook/9780755399604.html
The Rainmaker,John Grisham,eBook,,15.99,"9781407059198
",21 April 2010,,720 Pages,https://www.booktopia.com.au/star-trek-diane-duane/ebook/9781407059198.html
The Murder Room,P. D. James,eBook,14.29,12.99,"9780571247035
",4 September 2008,Faber & Faber,320 Pages,https://www.booktopia.com.au/star-trek-diane-duane/ebook/9780571247035.html
Thor,Jason Aaron,eBook,13.19,10.99,"9781302013769
",2 April 2014,,ePUB,https://www.booktopia.com.au/star-trek-diane-duane/ebook/9781302013769.html
Fatal Cut,June Hampson,eBook,,11.99,"9781409106968
",16 April 2009,,320 Pages,https://www.booktopia.com.au/star-trek-diane-duane/ebook/9781409106968.html
The Queen and I,Sue Townsend,eBook,,15.99,"9780141938332
",28 November 2002,,288 Pages,https://www.booktopia.com.au/star-trek-diane-duane/ebook/9780141938332.html
,,,,,"9780230760387
",,,,https://www.booktopia.com.au/star-trek-diane-duane/ebook/9780230760387.html
All the Bright Places,Jennifer Niven,eBook,,12.99,"9780141357041
",8 January 2015,,300 Pages,https://www.booktopia.com.au/star-trek-diane-duane/ebook/9780141357041.html
The Prize,Julie Garwood,eBook,17.14,13.99,"9781101533475
",5 July 2011,,1 Pages,https://www.booktopia.com.au/star-trek-diane-duane/ebook/9781101533475.html
Born Fearless,Phil Campion,eBook,,12.99,"9780857384416
",Edition Number 1,,352 Pages,https://www.booktopia.com.au/star-trek-diane-duane/ebook/9780857384416.html
Alone in Berlin,Hans Fallada,eBook,,15.99,"9780141908731
",28 January 2010,,608 Pages,https://www.booktopia.com.au/star-trek-diane-duane/ebook/9780141908731.html
The Wicked King,Holly Black,eBook,,,"9780316310338
",8 January 2019,12 - 99 years old,,https://www.booktopia.com.au/star-trek-diane-duane/ebook/9780316310338.html
Exit West,Mohsin Hamid,eBook,,15.99,"9780241979075
",2 March 2017,,240 Pages,https://www.booktopia.com.au/star-trek-diane-duane/ebook/9780241979075.html
Let's Explore Diabetes With Owls,David Sedaris,eBook,,12.99,"9780748123056
",23 April 2013,,288 Pages,https://www.booktopia.com.au/star-trek-diane-duane/ebook/9780748123056.html
Night Watch,Terry Pratchett,eBook,,15.99,"9781407035321
",1 December 2009,,480 Pages,https://www.booktopia.com.au/star-trek-diane-duane/ebook/9781407035321.html
Safe Haven,Nicholas Sparks,eBook,,11.99,"9780748122660
",2 September 2010,,320 Pages,https://www.booktopia.com.au/star-trek-diane-duane/ebook/9780748122660.html
The Autobiography of Saint Therese,John Beevers,eBook,22.01,17.99,"9780307778086
",26 January 2011,,ePUB,https://www.booktopia.com.au/star-trek-diane-duane/ebook/9780307778086.html
The Bhagavad Gita,Laurie L. Patton,eBook,,14.99,"9780141396217
",1 May 2014,,288 Pages,https://www.booktopia.com.au/star-trek-diane-duane/ebook/9780141396217.html
My Mother's Secret,J.L. Witterick,eBook,23.99,19.99,"9780698151529
",Edition Number 1,,208 Pages,https://www.booktopia.com.au/star-trek-diane-duane/ebook/9780698151529.html
The Language Instinct,Steven Pinker,eBook,,16.99,"9780141929682
",27 February 2003,,496 Pages,https://www.booktopia.com.au/star-trek-diane-duane/ebook/9780141929682.html
The Spy and the Traitor,Ben Macintyre,Hardcover,,,"9781101904190
",18 September 2018,,,https://www.booktopia.com.au/star-trek-diane-duane/ebook/9781101904190.html
Ancillary Sword,Ann Leckie,eBook,,11.99,"9781405525855
",7 October 2014,"Little, Brown Book Group",384 Pages,https://www.booktopia.com.au/star-trek-diane-duane/ebook/9781405525855.html
Harriet Tubman,Catherine Clinton,eBook,,21.99,"9780759509771
",2 February 2004,,300 Pages,https://www.booktopia.com.au/star-trek-diane-duane/ebook/9780759509771.html
The Art of Statistics,David Spiegelhalter,eBook,,15.99,"9780241258750
",28 March 2019,,256 Pages,https://www.booktopia.com.au/star-trek-diane-duane/ebook/9780241258750.html
Healing Back Pain,John E. Sarno,eBook,,12.99,"9780759520844
",15 March 2001,,300 Pages,https://www.booktopia.com.au/star-trek-diane-duane/ebook/9780759520844.html
A Walk In The Park,Jill Mansell,eBook,,12.99,"9780755355976
",16 February 2012,,362 Pages,https://www.booktopia.com.au/star-trek-diane-duane/ebook/9780755355976.html
Redeeming Your Bloodline,Hrvoje Sirovina,Paperback,,32.63,"9780768448887
",1 May 2019,US,224 Pages,https://www.booktopia.com.au/star-trek-diane-duane/ebook/9780768448887.html
The Lollipop Shoes (Chocolat 2),Joanne Harris,eBook,,15.99,"9781407039657
",6 July 2010,,592 Pages,https://www.booktopia.com.au/star-trek-diane-duane/ebook/9781407039657.html
Liar Liar,M. J. Arlidge,eBook,,15.99,"9781405919227
",10 September 2015,,314 Pages,https://www.booktopia.com.au/star-trek-diane-duane/ebook/9781405919227.html
The Sleep Of Reason,C.P. Snow,eBook,,,"9780755118519
",16 January 2010,,,https://www.booktopia.com.au/star-trek-diane-duane/ebook/9780755118519.html
A Clockwork Orange,Anthony Burgess,eBook,,15.99,"9780141908328
",4 August 2011,,176 Pages,https://www.booktopia.com.au/star-trek-diane-duane/ebook/9780141908328.html
10 Minutes 38 Seconds in this Strange World,Elif Shafak,eBook,,15.99,"9780241979457
",6 June 2019,,368 Pages,https://www.booktopia.com.au/star-trek-diane-duane/ebook/9780241979457.html
Midnight at the Blackbird Cafe,Heather Webber,eBook,19.50,15.99,"9781250198600
",16 July 2019,,ePUB,https://www.booktopia.com.au/star-trek-diane-duane/ebook/9781250198600.html
The 2020 Commission Report on the North Korean Nuclear Attacks Against The United States,Dr Jeffrey Lewis,eBook,,15.99,"9780753553176
",7 August 2018,,304 Pages,https://www.booktopia.com.au/star-trek-diane-duane/ebook/9780753553176.html
Quick & Clever Watercolor Pencils,Charles Evans,eBook,,,"9780715335543
",15 April 2006,,,https://www.booktopia.com.au/star-trek-diane-duane/ebook/9780715335543.html
The Scottish Clearances,T. M. Devine,eBook,,15.99,"9780141985947
",4 October 2018,,400 Pages,https://www.booktopia.com.au/star-trek-diane-duane/ebook/9780141985947.html
Ask and It Is Given,Esther Hicks,eBook,18.34,14.99,"9781401919276
",1 October 2004,,314 Pages,https://www.booktopia.com.au/star-trek-diane-duane/ebook/9781401919276.html
No One Is Too Small to Make a Difference,Greta Thunberg,eBook,,14.99,"9780141991757
",30 May 2019,,80 Pages,https://www.booktopia.com.au/star-trek-diane-duane/ebook/9780141991757.html
Gypsy,Lesley Pearse,eBook,,15.99,"9780141910338
",14 July 2008,,544 Pages,https://www.booktopia.com.au/star-trek-diane-duane/ebook/9780141910338.html
The Polyvagal Theory in Therapy,Deb Dana,eBook,51.34,41.99,"9780393712384
",12 June 2018,,ePUB,https://www.booktopia.com.au/star-trek-diane-duane/ebook/9780393712384.html
How to Make People Like You in 90 Seconds or Less,Nicholas Boothman,eBook,,19.99,"9780761148425
",2 July 2008,,203 Pages,https://www.booktopia.com.au/star-trek-diane-duane/ebook/9780761148425.html
Quran In English. Modern English Translation. Clear and Easy to Understand.,Talal Itani,eBook,,0.00,"9781310198373
",17 May 2015,,ePUB,https://www.booktopia.com.au/star-trek-diane-duane/ebook/9781310198373.html
The Gutter Prayer,Gareth Hanrahan,eBook,,12.99,"9780356511511
",15 January 2019,,544 Pages,https://www.booktopia.com.au/star-trek-diane-duane/ebook/9780356511511.html
Real Happiness,Sharon Salzberg,eBook,,,"9780761165590
",29 December 2010,,,https://www.booktopia.com.au/star-trek-diane-duane/ebook/9780761165590.html
Astrology for the Soul,Jan Spiller,eBook,25.70,20.99,"9780307426758
",4 November 2009,,ePUB,https://www.booktopia.com.au/star-trek-diane-duane/ebook/9780307426758.html
The Closed Circle,Jonathan Coe,eBook,,15.99,"9780141904160
",19 May 2008,,448 Pages,https://www.booktopia.com.au/star-trek-diane-duane/ebook/9780141904160.html
The Hunger Games,Suzanne Collins,eBook,,,"9781407135281
",1 March 2012,,,https://www.booktopia.com.au/star-trek-diane-duane/ebook/9781407135281.html
Where Good Ideas Come From,Steven Johnson,eBook,,15.99,"9780141964591
",7 October 2010,,336 Pages,https://www.booktopia.com.au/star-trek-diane-duane/ebook/9780141964591.html
Claiming the Dragon King,Amelia Hutchins,eBook,,6.99,"9780997720105
",10 July 2018,,ePUB,https://www.booktopia.com.au/star-trek-diane-duane/ebook/9780997720105.html
,,,,,"9780241192061
",,,,https://www.booktopia.com.au/star-trek-diane-duane/ebook/9780241192061.html
The Boy with the Topknot,Sathnam Sanghera,eBook,,15.99,"9780670923090
",29 November 2012,,336 Pages,https://www.booktopia.com.au/star-trek-diane-duane/ebook/9780670923090.html
The Art of War,Sun Tzu,eBook,,16.99,"9780857081025
",Edition Number 1,,220 Pages,https://www.booktopia.com.au/star-trek-diane-duane/ebook/9780857081025.html
Lean In,Sheryl Sandberg,eBook,,18.99,"9780753549063
",Edition Number 1,,240 Pages,https://www.booktopia.com.au/star-trek-diane-duane/ebook/9780753549063.html
The Lost Hero (Heroes of Olympus Book 1),Rick Riordan,eBook,,9.99,"9780141965550
",12 October 2010,9 - 12 years old,576 Pages,https://www.booktopia.com.au/star-trek-diane-duane/ebook/9780141965550.html
The Other Side of the Story,Marian Keyes,eBook,,15.99,"9780141909653
",10 March 2005,,656 Pages,https://www.booktopia.com.au/star-trek-diane-duane/ebook/9780141909653.html
Another Woman,Penny Vincenzi,eBook,,12.99,"9780755351473
",4 September 2008,,640 Pages,https://www.booktopia.com.au/star-trek-diane-duane/ebook/9780755351473.html
Titmuss Regained,John Mortimer,eBook,,15.99,"9780141959856
",4 November 2010,,272 Pages,https://www.booktopia.com.au/star-trek-diane-duane/ebook/9780141959856.html
Thor & Loki,Jeff Limke,E-Book,,,"9781306291859
",1 January 2006,,,https://www.booktopia.com.au/star-trek-diane-duane/ebook/9781306291859.html
Thin,Grace Bowman,eBook,,18.99,"9780141905570
",25 January 2007,,304 Pages,https://www.booktopia.com.au/star-trek-diane-duane/ebook/9780141905570.html
Shadow of Night,Deborah Harkness,eBook,,13.99,"9780755384761
",10 July 2012,Headline,605 Pages,https://www.booktopia.com.au/star-trek-diane-duane/ebook/9780755384761.html
Lover Mine,J. R. Ward,eBook,,11.99,"9780748117468
",6 May 2010,"Little, Brown Book Group",544 Pages,https://www.booktopia.com.au/star-trek-diane-duane/ebook/9780748117468.html
Uprooted,Naomi Novik,eBook,,,"9780804179041
",1 January 2015,,,https://www.booktopia.com.au/star-trek-diane-duane/ebook/9780804179041.html
Going Dutch,Katie Fforde,eBook,,15.99,"9781407011349
",7 December 2010,,432 Pages,https://www.booktopia.com.au/star-trek-diane-duane/ebook/9781407011349.html
,,,,,"9780307414250
",,,,https://www.booktopia.com.au/star-trek-diane-duane/ebook/9780307414250.html
Xero For Dummies,Heather Smith,eBook,,,"9780730363996
",Edition Number 4,,,https://www.booktopia.com.au/star-trek-diane-duane/ebook/9780730363996.html
1st to Die,James Patterson,eBook,,12.99,"9780755387052
",23 June 2011,Headline,375 Pages,https://www.booktopia.com.au/star-trek-diane-duane/ebook/9780755387052.html
Night Frost,R D Wingfield,eBook,,15.99,"9781407068060
",27 April 2010,,432 Pages,https://www.booktopia.com.au/star-trek-diane-duane/ebook/9781407068060.html
Notes to Self,Emilie Pine,eBook,,15.99,"9780241986233
",31 January 2019,,192 Pages,https://www.booktopia.com.au/star-trek-diane-duane/ebook/9780241986233.html
The French Slow Cooker,Michele Scicolone,eBook,39.59,31.99,"9780547607955
",16 April 2024,,240 Pages,https://www.booktopia.com.au/star-trek-diane-duane/ebook/9780547607955.html
Dear Evan Hansen,Val Emmich,eBook,,12.99,"9780241361863
",9 October 2018,,368 Pages,https://www.booktopia.com.au/star-trek-diane-duane/ebook/9780241361863.html
Hope,Lesley Pearse,eBook,,15.99,"9780141900940
",11 January 2007,,688 Pages,https://www.booktopia.com.au/star-trek-diane-duane/ebook/9780141900940.html
A Dedicated Man,Peter Robinson,eBook,,,"9780330469289
",4 September 2008,,,https://www.booktopia.com.au/star-trek-diane-duane/ebook/9780330469289.html
A Short History of Europe,Simon Jenkins,eBook,,15.99,"9780241352533
",8 November 2018,,400 Pages,https://www.booktopia.com.au/star-trek-diane-duane/ebook/9780241352533.html
Arnhem,Antony Beevor,eBook,,14.99,"9780141941295
",17 May 2018,,496 Pages,https://www.booktopia.com.au/star-trek-diane-duane/ebook/9780141941295.html
There Is No Planet B,Mike Berners-Lee,eText,,18.95,"9781108337519
",28 February 2019,,PDF,https://www.booktopia.com.au/star-trek-diane-duane/ebook/9781108337519.html
Paradise Lodge,Nina Stibbe,eBook,,15.99,"9780241974933
",2 June 2016,,320 Pages,https://www.booktopia.com.au/star-trek-diane-duane/ebook/9780241974933.html
Strumpet City,James Plunkett,eBook,,8.99,"9780717155651
",22 February 2013,,560 Pages,https://www.booktopia.com.au/star-trek-diane-duane/ebook/9780717155651.html
Introducing Postmodernism,Richard Appignanesi,E-Book,,,"9781281371973
",Edition Number 2,,,https://www.booktopia.com.au/star-trek-diane-duane/ebook/9781281371973.html
,,,,,"9780297857440
",,,,https://www.booktopia.com.au/star-trek-diane-duane/ebook/9780297857440.html
"I've Been Killing Slimes for 300 Years and Maxed Out My Level, Vol. 1",Kisetsu Morita,eBook,17.60,16.99,"9780316448284
",24 April 2018,,ePUB,https://www.booktopia.com.au/star-trek-diane-duane/ebook/9780316448284.html
Mr Loverman,Bernardine Evaristo,eBook,,15.99,"9780241963913
",29 August 2013,,288 Pages,https://www.booktopia.com.au/star-trek-diane-duane/ebook/9780241963913.html
,,,,,"9780307422316
",,,,https://www.booktopia.com.au/star-trek-diane-duane/ebook/9780307422316.html
The Bridge at Remagen,Ken Hechler,eBook,10.27,9.99,"9780307514929
",25 March 2009,,ePUB,https://www.booktopia.com.au/star-trek-diane-duane/ebook/9780307514929.html
A Perfect Spy,John le Carré,eBook,,15.99,"9780241322499
",27 September 2018,,688 Pages,https://www.booktopia.com.au/star-trek-diane-duane/ebook/9780241322499.html
Blood Song,Anthony Ryan,eBook,,12.99,"9781405525961
",11 April 2013,"Little, Brown Book Group",592 Pages,https://www.booktopia.com.au/star-trek-diane-duane/ebook/9781405525961.html
The Eagle and the Wolves (Eagles of the Empire 4),Simon Scarrow,eBook,,12.99,"9780755350858
",4 September 2008,Headline,448 Pages,https://www.booktopia.com.au/star-trek-diane-duane/ebook/9780755350858.html
Excession,Iain M. Banks,eBook,,12.99,"9780748110001
",4 September 2008,,464 Pages,https://www.booktopia.com.au/star-trek-diane-duane/ebook/9780748110001.html
Brothers York,Thomas Penn,eBook,,19.99,"9780718197292
",3 October 2019,,640 Pages,https://www.booktopia.com.au/star-trek-diane-duane/ebook/9780718197292.html
The Secret Diary of Adrian Mole Aged 13 ¾,Sue Townsend,eBook,,9.99,"9780141962900
",5 November 2009,,272 Pages,https://www.booktopia.com.au/star-trek-diane-duane/ebook/9780141962900.html
The Girl On Legare Street,Karen White,eBook,10.27,9.99,"9781101155646
",3 November 2009,,ePUB,https://www.booktopia.com.au/star-trek-diane-duane/ebook/9781101155646.html
How I Made $2 Million in the Stock Market,Nicolas Darvas,eBook,21.99,20.99,"9780857191410
",27 March 2020,,198 Pages,https://www.booktopia.com.au/star-trek-diane-duane/ebook/9780857191410.html
The Summer Queen,Elizabeth Chadwick,eBook,,12.99,"9780748133833
",20 June 2013,"Little, Brown Book Group",496 Pages,https://www.booktopia.com.au/star-trek-diane-duane/ebook/9780748133833.html
,,,,,"9780307351487
",,,,https://www.booktopia.com.au/star-trek-diane-duane/ebook/9780307351487.html
Hellion,Karen Lynch,eBook,,6.87,"9781370046782
",8 January 2019,,ePUB,https://www.booktopia.com.au/star-trek-diane-duane/ebook/9781370046782.html
You Can't Hide (The Chicago Series Book 4),Karen Rose,Paperback,,22.50,"9780755384839
",Edition Number 1,Headline Publishing Group,448 Pages,https://www.booktopia.com.au/star-trek-diane-duane/ebook/9780755384839.html
,,,,,"9780307388629
",,,,https://www.booktopia.com.au/star-trek-diane-duane/ebook/9780307388629.html
,,,,,"9780307483690
",,,,https://www.booktopia.com.au/star-trek-diane-duane/ebook/9780307483690.html
The Winner,David Baldacci,eBook,,,"9780330527989
",16 May 2011,,,https://www.booktopia.com.au/star-trek-diane-duane/ebook/9780330527989.html
Our Man in Charleston,Christopher Dickey,eBook,25.70,20.99,"9780307887290
",21 July 2015,,ePUB,https://www.booktopia.com.au/star-trek-diane-duane/ebook/9780307887290.html
Postmortem,Patricia Cornwell,eBook,,12.99,"9780748109500
",4 September 2008,"Little, Brown Book Group",416 Pages,https://www.booktopia.com.au/star-trek-diane-duane/ebook/9780748109500.html
Hardwired,Meredith Wild,Paperback,22.17,21.75,"9780989768412
",24 January 2015,WATERHOUSE PR,288 Pages,https://www.booktopia.com.au/star-trek-diane-duane/ebook/9780989768412.html
One Of Us Is Next,Karen M. McManus,eBook,,9.99,"9780241376935
",9 January 2020,9 - 12 years old,308 Pages,https://www.booktopia.com.au/star-trek-diane-duane/ebook/9780241376935.html
The Blind Assassin,Margaret Atwood,eBook,,11.99,"9780748113347
",3 September 2009,,656 Pages,https://www.booktopia.com.au/star-trek-diane-duane/ebook/9780748113347.html
Alaska,James A. Michener,eBook,27.42,21.99,"9780804151429
",17 December 2013,,ePUB,https://www.booktopia.com.au/star-trek-diane-duane/ebook/9780804151429.html
Solo,Jill Mansell,eBook,,11.99,"9780755351879
",10 February 2008,,300 Pages,https://www.booktopia.com.au/star-trek-diane-duane/ebook/9780755351879.html
The Hand That First Held Mine,Maggie O'Farrell,eBook,,11.99,"9780755373277
",29 April 2010,,352 Pages,https://www.booktopia.com.au/star-trek-diane-duane/ebook/9780755373277.html
The Body Farm,Patricia Cornwell,eBook,,11.99,"9780748109586
",4 September 2008,"Little, Brown Book Group",400 Pages,https://www.booktopia.com.au/star-trek-diane-duane/ebook/9780748109586.html
Welcome To Rosie Hopkins' Sweetshop Of Dreams,Jenny Colgan,eBook,,12.99,"9780748121960
",29 March 2012,"Little, Brown Book Group",400 Pages,https://www.booktopia.com.au/star-trek-diane-duane/ebook/9780748121960.html
The Firm,John Grisham,eBook,,15.99,"9781407059044
",21 April 2010,,496 Pages,https://www.booktopia.com.au/star-trek-diane-duane/ebook/9781407059044.html
The Eagle In The Sand (Eagles of the Empire 7),Simon Scarrow,eBook,,12.99,"9780755350803
",4 September 2008,Headline,448 Pages,https://www.booktopia.com.au/star-trek-diane-duane/ebook/9780755350803.html
Raise the Titanic,Clive Cussler,eBook,,11.99,"9780748114337
",17 September 2009,"Little, Brown Book Group",320 Pages,https://www.booktopia.com.au/star-trek-diane-duane/ebook/9780748114337.html
"Change Your Thoughts, Change Your Life",Dr. Wayne W. Dyer,eBook,19.06,15.99,"9781401920524
",31 July 2007,,395 Pages,https://www.booktopia.com.au/star-trek-diane-duane/ebook/9781401920524.html
Last Chance Saloon,Marian Keyes,eBook,,15.99,"9780141909820
",7 July 2005,,608 Pages,https://www.booktopia.com.au/star-trek-diane-duane/ebook/9780141909820.html
The Great Hunt,Robert Jordan,Paperback,22.99,20.40,"9780356503837
",Edition Number 1,Little Brown,720 Pages,https://www.booktopia.com.au/star-trek-diane-duane/ebook/9780356503837.html
In Peace Lies Havoc (Midnight Mayhem: Book I),Amo Jones,eBook,,,"9781393487326
",5 November 2019,,,https://www.booktopia.com.au/star-trek-diane-duane/ebook/9781393487326.html
The First Fifteen Lives of Harry August,Claire North,eBook,,11.99,"9781405528252
",8 April 2014,,416 Pages,https://www.booktopia.com.au/star-trek-diane-duane/ebook/9781405528252.html
The Sword Of Shannara,Terry Brooks,eBook,,12.99,"9781405515665
",23 February 2012,"Little, Brown Book Group",672 Pages,https://www.booktopia.com.au/star-trek-diane-duane/ebook/9781405515665.html
The Dollhouse,Fiona Davis,eBook,23.99,19.99,"9781101985007
",23 August 2016,,ePUB,https://www.booktopia.com.au/star-trek-diane-duane/ebook/9781101985007.html
The Leadership Challenge,James M. Kouzes,eText,,41.79,"9781119278979
",Edition Number 6,,ePUB,https://www.booktopia.com.au/star-trek-diane-duane/ebook/9781119278979.html
A Pound Of Flesh,Alex Gray,eBook,,12.99,"9780748117383
",1 March 2012,"Little, Brown Book Group",352 Pages,https://www.booktopia.com.au/star-trek-diane-duane/ebook/9780748117383.html
Stardust,Neil Gaiman,Paperback,22.99,18.95,"9780755322824
",Edition Number 1,GB,214 Pages,https://www.booktopia.com.au/star-trek-diane-duane/ebook/9780755322824.html
The Boundless Sea,David Abulafia,eBook,,19.99,"9780141972091
",3 October 2019,,512 Pages,https://www.booktopia.com.au/star-trek-diane-duane/ebook/9780141972091.html
The Lady in the Lake and Other Novels,Raymond Chandler,eBook,,16.99,"9780141190761
",7 June 2001,,608 Pages,https://www.booktopia.com.au/star-trek-diane-duane/ebook/9780141190761.html
Blue Monday,Nicci French,eBook,,15.99,"9780141970257
",23 June 2011,,432 Pages,https://www.booktopia.com.au/star-trek-diane-duane/ebook/9780141970257.html
Masters of Rome,Robert Fabbri,eBook,9.49,8.99,"9780857899644
",Edition Number 1,Corvus,300 Pages,https://www.booktopia.com.au/star-trek-diane-duane/ebook/9780857899644.html
Apache Dawn,Damien Lewis,eBook,,,"9780748122769
",2 September 2010,,,https://www.booktopia.com.au/star-trek-diane-duane/ebook/9780748122769.html
Body Swap,Katrina Kahler,eBook,,,"9781370005321
",28 March 2017,,,https://www.booktopia.com.au/star-trek-diane-duane/ebook/9781370005321.html
Our Band Could Be Your Life,Michael Azerrad,eBook,,25.99,"9780316247184
",1 December 2012,,528 Pages,https://www.booktopia.com.au/star-trek-diane-duane/ebook/9780316247184.html
,,,,,"9780141960241
",,,,https://www.booktopia.com.au/star-trek-diane-duane/ebook/9780141960241.html
Any Human Heart,William Boyd,eBook,,15.99,"9780141925325
",6 March 2003,,512 Pages,https://www.booktopia.com.au/star-trek-diane-duane/ebook/9780141925325.html
Crime and Punishment,Fyodor Dostoevsky,eBook,,10.99,"9780141956961
",27 February 2014,,720 Pages,https://www.booktopia.com.au/star-trek-diane-duane/ebook/9780141956961.html
,,,,,"9780062368683
",,,,https://www.booktopia.com.au/star-trek-diane-duane/ebook/9780062368683.html
Hunger,Michael Grant,eBook,,13.99,"9780061911491
",26 May 2009,12 - 18 years old,608 Pages,https://www.booktopia.com.au/star-trek-diane-duane/ebook/9780061911491.html
The Fire Islands,Gilbert M. Stack,eBook,,,"9781370085170
",1 December 2017,,,https://www.booktopia.com.au/star-trek-diane-duane/ebook/9781370085170.html
,,,,,"9780061802638
",,,,https://www.booktopia.com.au/star-trek-diane-duane/ebook/9780061802638.html
The Catcher in the Rye,J. D. Salinger,eBook,,15.99,"9780241988794
",13 August 2019,,240 Pages,https://www.booktopia.com.au/star-trek-diane-duane/ebook/9780241988794.html
Bloodline,Mark Billingham,eBook,,12.99,"9780748111466
",6 August 2009,"Little, Brown Book Group",352 Pages,https://www.booktopia.com.au/star-trek-diane-duane/ebook/9780748111466.html
The Rule of Law,Rt Hon Lord Bingham of Cornhill KG PC FBA Tom Bingham,eBook,,15.99,"9780141962016
",7 July 2011,,224 Pages,https://www.booktopia.com.au/star-trek-diane-duane/ebook/9780141962016.html
Last Bus to Woodstock,Colin Dexter,eBook,,,"9780330468565
",21 August 2009,,,https://www.booktopia.com.au/star-trek-diane-duane/ebook/9780330468565.html
A Moment of War,Laurie Lee,eBook,,15.99,"9780141929552
",1 January 2000,,192 Pages,https://www.booktopia.com.au/star-trek-diane-duane/ebook/9780141929552.html
March of the Lemmings,Stewart Lee,eBook,18.69,15.99,"9780571357048
",3 September 2019,,324 Pages,https://www.booktopia.com.au/star-trek-diane-duane/ebook/9780571357048.html
Path of the Assassin,Brad Thor,eBook,,9.99,"9780743483308
",15 April 2003,,384 Pages,https://www.booktopia.com.au/star-trek-diane-duane/ebook/9780743483308.html
The Case of the Missing Boyfriend,Nick Alexander,eBook,,5.99,"9780857896315
",1 August 2011,,200 Pages,https://www.booktopia.com.au/star-trek-diane-duane/ebook/9780857896315.html
The Collector,Nora Roberts,eBook,,11.99,"9781405522779
",15 April 2014,,496 Pages,https://www.booktopia.com.au/star-trek-diane-duane/ebook/9781405522779.html
The Deceivers,Kristen Simmons,eBook,14.95,11.99,"9781250175816
",5 February 2019,,ePUB,https://www.booktopia.com.au/star-trek-diane-duane/ebook/9781250175816.html
Profit First,Mike Michalowicz,eBook,29.14,23.99,"9780735214163
",18 January 2017,,ePUB,https://www.booktopia.com.au/star-trek-diane-duane/ebook/9780735214163.html
Matter,Iain M. Banks,eBook,,12.99,"9780748110049
",4 September 2008,,608 Pages,https://www.booktopia.com.au/star-trek-diane-duane/ebook/9780748110049.html
If Beale Street Could Talk,James Baldwin,eBook,,15.99,"9780141963792
",1 January 2000,,240 Pages,https://www.booktopia.com.au/star-trek-diane-duane/ebook/9780141963792.html
Caves of Steel,Isaac Asimov,eBook,13.19,10.99,"9780307792419
",13 April 2011,,ePUB,https://www.booktopia.com.au/star-trek-diane-duane/ebook/9780307792419.html
Everything is Figureoutable,Marie Forleo,eBook,,4.99,"9780241341049
",12 September 2019,,240 Pages,https://www.booktopia.com.au/star-trek-diane-duane/ebook/9780241341049.html
The Glass Woman,Caroline Lea,eBook,,15.99,"9781405934633
",7 February 2019,,464 Pages,https://www.booktopia.com.au/star-trek-diane-duane/ebook/9781405934633.html
The Elements of Style,William Strunk Jr.,eBook,,5.80,"9780486113708
",Edition Number 1,,64 Pages,https://www.booktopia.com.au/star-trek-diane-duane/ebook/9780486113708.html
The Labyrinth Index,Charles Stross,eBook,,12.99,"9780356511078
",30 October 2018,,368 Pages,https://www.booktopia.com.au/star-trek-diane-duane/ebook/9780356511078.html
Billy Connolly's Tracks Across America,Billy Connolly,eBook,,19.99,"9780751564150
",31 March 2016,,288 Pages,https://www.booktopia.com.au/star-trek-diane-duane/ebook/9780751564150.html
The Tipping Point,Malcolm Gladwell,eBook,,,"9780759574731
",1 November 2006,,,https://www.booktopia.com.au/star-trek-diane-duane/ebook/9780759574731.html
Dying for a Cruise,Joyce Cato,E-Book,,,"9781306020275
",1 January 2012,,,https://www.booktopia.com.au/star-trek-diane-duane/ebook/9781306020275.html
Me Talk Pretty One Day,David Sedaris,eBook,,12.99,"9780748123032
",5 August 2010,,288 Pages,https://www.booktopia.com.au/star-trek-diane-duane/ebook/9780748123032.html
The Red Tent,Anita Diamant,eBook,,,"9780330507073
",18 September 2009,,,https://www.booktopia.com.au/star-trek-diane-duane/ebook/9780330507073.html
The Bones Beneath,Mark Billingham,eBook,,11.99,"9781405527583
",22 May 2014,"Little, Brown Book Group",400 Pages,https://www.booktopia.com.au/star-trek-diane-duane/ebook/9781405527583.html
Brain Freeze,Tom Fletcher,eBook,,1.99,"9780241334225
",22 February 2018,,112 Pages,https://www.booktopia.com.au/star-trek-diane-duane/ebook/9780241334225.html
Mere Christianity,C. S. Lewis,eBook,,5.99,"9780061947438
",2 June 2009,,256 Pages,https://www.booktopia.com.au/star-trek-diane-duane/ebook/9780061947438.html
A Winter's Tale,Trisha Ashley,eBook,,9.99,"9780007328918
",29 May 2009,,416 Pages,https://www.booktopia.com.au/star-trek-diane-duane/ebook/9780007328918.html
A Mother's Courage,Dilly Court,eBook,,15.99,"9781407004563
",4 September 2008,,544 Pages,https://www.booktopia.com.au/star-trek-diane-duane/ebook/9781407004563.html
One Cretan Evening and Other Stories,Victoria Hislop,eBook,,3.99,"9780755389506
",15 September 2011,,72 Pages,https://www.booktopia.com.au/star-trek-diane-duane/ebook/9780755389506.html
The Hairy Bikers' 12 Days of Christmas,Hairy Bikers,eBook,,19.99,"9780297864547
",2 December 2010,,224 Pages,https://www.booktopia.com.au/star-trek-diane-duane/ebook/9780297864547.html
Quite Ugly One Morning,Christopher Brookmyre,eBook,,11.99,"9780748132034
",16 June 2011,"Little, Brown Book Group",320 Pages,https://www.booktopia.com.au/star-trek-diane-duane/ebook/9780748132034.html
Immortal in Death,J.D. Robb,eBook,,11.99,"9780748121779
",7 October 2010,"Little, Brown Book Group",352 Pages,https://www.booktopia.com.au/star-trek-diane-duane/ebook/9780748121779.html
The Lost Sisters,Holly Black,eBook,,,"9780316310444
",2 October 2018,7 - 17,,https://www.booktopia.com.au/star-trek-diane-duane/ebook/9780316310444.html
The Tea Planter's Wife,Dinah Jefferies,eBook,,15.99,"9780241969564
",3 September 2015,,386 Pages,https://www.booktopia.com.au/star-trek-diane-duane/ebook/9780241969564.html
The Legion (Eagles of the Empire 10),Simon Scarrow,eBook,,12.99,"9780755357208
",11 November 2010,Headline,448 Pages,https://www.booktopia.com.au/star-trek-diane-duane/ebook/9780755357208.html
Ayoade on Top,Richard Ayoade,eBook,14.29,12.99,"9780571339150
",3 September 2019,,256 Pages,https://www.booktopia.com.au/star-trek-diane-duane/ebook/9780571339150.html
Rivers of London,Ben Aaronovitch,eBook,,11.99,"9780575097599
",10 January 2011,Orion,384 Pages,https://www.booktopia.com.au/star-trek-diane-duane/ebook/9780575097599.html
Village Christmas,Laurie Lee,eBook,,14.99,"9780241243688
",5 November 2015,,200 Pages,https://www.booktopia.com.au/star-trek-diane-duane/ebook/9780241243688.html
,,,,,"9780062982735
",,,,https://www.booktopia.com.au/star-trek-diane-duane/ebook/9780062982735.html
Into the Fire,Gregg Hurwitz,eBook,,15.99,"9781405928571
",20 February 2020,,400 Pages,https://www.booktopia.com.au/star-trek-diane-duane/ebook/9781405928571.html
The Bracelet,Fredrica Alleyn,eBook,,16.99,"9780753549049
",Edition Number 1,,320 Pages,https://www.booktopia.com.au/star-trek-diane-duane/ebook/9780753549049.html
Belle,Lesley Pearse,eBook,,15.99,"9780141964072
",3 February 2011,,624 Pages,https://www.booktopia.com.au/star-trek-diane-duane/ebook/9780141964072.html
Revolting Rhymers,Quentin Blake,eBook,,0.00,"9780141386041
",6 February 2017,,32 Pages,https://www.booktopia.com.au/star-trek-diane-duane/ebook/9780141386041.html
Rafa,Rafael Nadal,eBook,,12.99,"9780748129454
",18 August 2011,,320 Pages,https://www.booktopia.com.au/star-trek-diane-duane/ebook/9780748129454.html
White Teeth,Zadie Smith,eBook,,15.99,"9780141939230
",25 January 2001,,560 Pages,https://www.booktopia.com.au/star-trek-diane-duane/ebook/9780141939230.html
You Are the Placebo,Dr. Joe Dispenza,eBook,27.86,22.99,"9781401944865
",29 April 2014,,ePUB,https://www.booktopia.com.au/star-trek-diane-duane/ebook/9781401944865.html
An Almost Perfect Christmas,Nina Stibbe,eBook,,15.99,"9780241981368
",2 November 2017,,176 Pages,https://www.booktopia.com.au/star-trek-diane-duane/ebook/9780241981368.html
Books for Girls,Katrina Kahler,eBook,,,"9781370912865
",24 April 2017,,,https://www.booktopia.com.au/star-trek-diane-duane/ebook/9781370912865.html
The Children's Block,Otto B Kraus,eBook,,15.99,"9781473573222
",17 October 2019,,320 Pages,https://www.booktopia.com.au/star-trek-diane-duane/ebook/9781473573222.html
How Not to Be a Professional Racing Driver,Jason Plato,eBook,,14.99,"9780241404171
",19 September 2019,,304 Pages,https://www.booktopia.com.au/star-trek-diane-duane/ebook/9780241404171.html
